{
    "list":[
        {
            
            "item":"Rice",
            "quantity":"5",
            "unit":"kg",
            "category":"Grain"
        },
        {
            
            "item":"Barley",
            "quantity":"5",
            "unit":"kg",
            "category":"Grain"
        },
        {
            
            "item":"Wheat",
            "quantity":"5",
            "unit":"kg",
            "category":"Grain"
        },
        {
            "item":"lentils",
            "quantity":"3",
            "unit":"kg",
            "category":"pulses"
        },
        {
            "item":"Faba Beans",
            "quantity":"2",
            "unit":"kg",
            "category":"pulses"
        },
        {
            "item":"Cucumber",
            "quantity":"1",
            "unit":"kg",
            "category":"Vegetable"
        },
        {
            "item":"Faba Beans",
            "quantity":"2",
            "unit":"kg",
            "category":"pulses"
        },
        {
            "item":"Potato",
            "quantity":"1",
            "unit":"kg",
            "category":"Vegetable"
        },
        {
            "item":"Cod",
            "quantity":"1",
            "unit":"kg",
            "category":"Fish"
        },
        {
            "item":"Mackerel",
            "quantity":"1",
            "unit":"kg",
            "category":"Fish"
        },
        {
            "item":"Beef",
            "quantity":"1",
            "unit":"kg",
            "category":"Meat"
        },
        {
            "item":"Mutton",
            "quantity":"1",
            "unit":"kg",
            "category":"Meat"
        },
        {
            "item":"Venison",
            "quantity":"1",
            "unit":"kg",
            "category":"Meat"
        }

        

    ]
}